-- phpMyAdmin SQL Dump
-- version 5.1.0
-- https://www.phpmyadmin.net/
--
-- Host: 127.0.0.1
-- Generation Time: Jun 24, 2021 at 01:54 PM
-- Server version: 10.4.18-MariaDB
-- PHP Version: 8.0.3

SET SQL_MODE = "NO_AUTO_VALUE_ON_ZERO";
START TRANSACTION;
SET time_zone = "+00:00";


/*!40101 SET @OLD_CHARACTER_SET_CLIENT=@@CHARACTER_SET_CLIENT */;
/*!40101 SET @OLD_CHARACTER_SET_RESULTS=@@CHARACTER_SET_RESULTS */;
/*!40101 SET @OLD_COLLATION_CONNECTION=@@COLLATION_CONNECTION */;
/*!40101 SET NAMES utf8mb4 */;

--
-- Database: `designcar`
--

-- --------------------------------------------------------

--
-- Table structure for table `brands`
--

CREATE TABLE `brands` (
  `id` int(11) NOT NULL,
  `name` varchar(100) NOT NULL,
  `page` varchar(100) NOT NULL,
  `image` varchar(255) NOT NULL
) ENGINE=InnoDB DEFAULT CHARSET=utf8;

--
-- Dumping data for table `brands`
--

INSERT INTO `brands` (`id`, `name`, `page`, `image`) VALUES
(1, 'شيفروليه', '', 'Chevrolet'),
(2, 'لادا', '', 'Lada'),
(3, 'كيا', '', 'Kia'),
(4, 'فيات', '', 'Fiat'),
(5, 'بريليانس', '', 'Brilliance'),
(6, 'بى واى دى', '', 'Byd'),
(7, 'بي ام دبليو', '', 'BMW'),
(8, 'سيتروين', '', 'Citroën'),
(9, 'بيجو', '', 'Peugeot'),
(10, 'هيونداي', '', 'Hyundai'),
(11, 'ميتسوبيشي', '', 'Mitsubishi'),
(12, 'مازدا', '', 'Mazda'),
(13, 'نيسان', '', 'Nissan'),
(14, 'اوبل', '', 'Opel'),
(15, 'اودي', '', 'Audi'),
(16, 'جاكوار', '', 'Jaguar'),
(17, 'جيب', '', 'Jeep'),
(18, 'رينو', '', 'Renault'),
(19, 'سوزوكي', '', 'Suzuki'),
(20, 'فولفو', '', 'Volvo'),
(21, 'فولكس فاغن', '', 'Volkswagen'),
(22, 'تويوتا', '', 'Toyota'),
(23, 'سوبارو', '', 'Subaru'),
(24, 'مرسيديس', '', 'Mercedes'),
(25, 'هوندا', '', 'Honda'),
(26, 'سكودا', '', 'Skoda'),
(27, 'بروتون', '', 'Proton'),
(28, 'فورد', '', 'Ford'),
(29, 'سيات', '', 'Seat'),
(30, 'الفاروميو', '', 'AlfaRomeo'),
(31, 'سانج يونج', '', 'SsangYong'),
(32, 'لكزس', '', 'Lexus'),
(33, 'لاند روفر', '', 'LandRover'),
(34, 'جيلي', '', 'Geely'),
(35, 'جاك', '', 'Jac'),
(36, 'فاو', '', 'Faw'),
(37, 'ميني', '', 'Mini'),
(38, 'ام جي', '', 'MG'),
(39, 'بورش', '', 'Porsche'),
(40, 'تشانجان', '', 'Changan'),
(41, 'زوتي', '', 'Zotye'),
(42, 'ساوايست', '', 'Soueast'),
(43, 'مازيراتي', '', 'Maserati'),
(44, 'شيري', '', 'Chery'),
(45, 'سينوفا', '', 'Senova'),
(46, 'دفسك', '', 'DFSK'),
(47, 'شانجى', '', 'Canghe'),
(48, 'دى اس', '', 'DS'),
(49, 'هانتنج', '', 'Hanteng'),
(50, 'جيتور', '', 'Jetour');

-- --------------------------------------------------------

--
-- Table structure for table `customerdetails`
--

CREATE TABLE `customerdetails` (
  `id` int(11) NOT NULL,
  `first_name` varchar(255) NOT NULL,
  `last_name` varchar(255) NOT NULL,
  `email` varchar(255) NOT NULL,
  `phone` varchar(255) NOT NULL
) ENGINE=InnoDB DEFAULT CHARSET=utf8;

-- --------------------------------------------------------

--
-- Table structure for table `fueltype`
--

CREATE TABLE `fueltype` (
  `id` int(11) NOT NULL,
  `type` varchar(100) NOT NULL
) ENGINE=InnoDB DEFAULT CHARSET=utf8;

--
-- Dumping data for table `fueltype`
--

INSERT INTO `fueltype` (`id`, `type`) VALUES
(1, 'بنزين'),
(2, 'ديزل'),
(3, 'غاز طبيعي'),
(4, 'كهربائي'),
(5, 'هجين');

-- --------------------------------------------------------

--
-- Table structure for table `newcars`
--

CREATE TABLE `newcars` (
  `id` int(11) NOT NULL,
  `brand` int(11) NOT NULL,
  `name` varchar(100) NOT NULL,
  `year` int(11) NOT NULL,
  `price` int(11) NOT NULL,
  `minDeposit` int(11) NOT NULL,
  `minInstallment` int(11) NOT NULL,
  `motor` varchar(100) NOT NULL,
  `horsePower` varchar(50) NOT NULL,
  `maxSpeed` varchar(50) NOT NULL,
  `transmission` int(11) NOT NULL,
  `speed` varchar(50) NOT NULL,
  `fuel` tinyint(4) NOT NULL,
  `fuelCon` tinyint(4) NOT NULL,
  `origin` varchar(100) NOT NULL,
  `assembled` varchar(100) NOT NULL,
  `acceleration` varchar(50) NOT NULL,
  `length` varchar(11) NOT NULL,
  `width` varchar(11) NOT NULL,
  `height` varchar(11) NOT NULL,
  `groundClearnce` varchar(11) NOT NULL,
  `wheelBase` varchar(11) NOT NULL,
  `trunkSize` varchar(11) NOT NULL,
  `seats` tinyint(4) NOT NULL,
  `tractionType` int(11) NOT NULL,
  `image` varchar(255) NOT NULL
) ENGINE=InnoDB DEFAULT CHARSET=utf8;

--
-- Dumping data for table `newcars`
--

INSERT INTO `newcars` (`id`, `brand`, `name`, `year`, `price`, `minDeposit`, `minInstallment`, `motor`, `horsePower`, `maxSpeed`, `transmission`, `speed`, `fuel`, `fuelCon`, `origin`, `assembled`, `acceleration`, `length`, `width`, `height`, `groundClearnce`, `wheelBase`, `trunkSize`, `seats`, `tractionType`, `image`) VALUES
(1, 1, 'شيفروليه افيو', 2019, 202000, 60600, 3417, '1500 CC', '86', '166', 2, '4', 92, 7, 'USA', 'Egypt', '12', '4310', '1710', '1505', '150', '2480', '400', 5, 1, 'Aveo1,Aveo2,Aveo3,Aveo4,Aveo5,Aveo6'),
(2, 1, 'شيفروليه اوبترا', 2022, 221900, 66570, 3754, '1500 CC', '110', '170', 2, '6', 92, 7, 'USA', 'China', '13', '4597', '1736', '1462', '173', '2640', '410', 5, 1, 'Optra1,Optra2,Optra3,Optra4,Optra5'),
(3, 1, 'شيفروليه كروز', 2017, 340000, 102000, 5752, '1600 CC', '116', '185', 2, '6', 92, 7, 'USA', '---', '13', '---', '---', '---', '---', '---', '---', 5, 1, 'Cruze1,Cruze2,Cruze3,Cruze4'),
(4, 1, 'شيفروليه كابتيفا', 2021, 399900, 119970, 6765, '1500 CC Turbo', '148', '---', 4, '---', 92, 8, 'USA', 'China', '0', '4655', '1835', '1835', '185', '2750', '1051', 7, 1, 'Captiva1,Captiva2,Captiva3,Captiva4,Captiva5,Captiva6,Captiva7'),
(5, 1, 'شيفروليه ماليبو', 2021, 434990, 130497, 7359, '1500 CC Turbo', '163', '210', 2, '6', 92, 7, 'USA', 'Korea', '9', '4925', '1854', '1465', '132', '2830', '400', 5, 1, 'Malibu1,Malibu2,Malibu3,Malibu4,Malibu5,Malibu6'),
(6, 2, 'لادا جرانتا', 2020, 205000, 61500, 3468, '1600 CC', '98', '176', 2, '4', 90, 7, 'Russia', 'Egypt', '13.3', '4250', '1700', '1500', '---', '1476', '440', 5, 1, 'Granta1,Granta2,Granta3,Granta4,Granta5,Granta6'),
(7, 2, 'لادا لارجوس', 2020, 235000, 70500, 3975, '1600 CC', '87', '165', 1, '5', 92, 7, 'Russia', 'Morocco', '13.5', '4470', '1750', '1670', '---', '2905', '135', 7, 1, 'Largus1,Largus2,Largus3,Largus4,Largus5,Largus6'),
(8, 3, 'كيا بيجاس', 2020, 254900, 76470, 4312, '1400 CC', '95', '180', 2, '4', 92, 0, 'Korea', 'China', '12.2', '4300', '1700', '1460', '---', '2570', '475', 5, 1, 'Pegas1,Pegas2,Pegas3,Pegas4,Pegas5,Pegas6'),
(9, 3, 'كيا ريو', 2020, 340000, 102000, 5752, '1600 CC', '123', '188', 2, '6', 92, 7, 'Korea', 'Mexico', '10.7', '4385', '1725', '1460', '140', '2580', '387', 5, 1, 'Rio1,Rio2,Rio3,Rio4,Rio5,Rio6'),
(10, 3, 'كيا جراند سيراتو', 2021, 379900, 113970, 6427, '1600 CC', '130', '190', 2, '6', 92, 7, 'Korea', 'Korea', '12', '4640', '1800', '1450', '150', '2700', '502', 5, 1, 'Cerato1,Cerato2,Cerato3,Cerato4,Cerato5,Cerato6'),
(11, 3, 'كيا سيد', 2019, 360000, 108000, 6090, '1600 CC', '130', '195', 2, '6', 92, 6, 'Korea', 'Korea', '10.8', '---', '---', '---', '---', '---', '---', 5, 1, 'Ceed1,Ceed2,Ceed3,Ceed4,Ceed5,Ceed6'),
(12, 3, 'كيا سبورتاج', 2021, 529900, 158970, 8964, '1600 CC', '140', '180', 2, '6', 92, 7, 'Korea', 'Slovakia', '11.1', '4485', '1855', '1635', '173', '2670', '466', 5, 1, 'Sportage1,Sportage2,Sportage3,Sportage4,Sportage5,Sportage6'),
(13, 3, 'كيا كارينز', 2019, 459000, 137700, 7765, '1600 CC', '135', '185', 2, '6', 92, 7, 'Korea', 'Korea', '11.3', '---', '---', '---', '---', '---', '---', 5, 1, 'Carens1,Carens2,Carens3,Carens4,Carens5,Carens6'),
(14, 3, 'كيا سورينتو', 2020, 749900, 224970, 12686, '3500 CC', '280', '210', 2, '8', 92, 10, 'Korea', 'Egypt', '7.8', '4800', '1890', '1690', '185', '2780', '660', 7, 3, 'Sorento1,Sorento2,Sorento3,Sorento4,Sorento5,Sorento6'),
(15, 3, 'كيا كارنفال', 2019, 1650000, 495000, 27913, '3300 CC', '270', '200', 2, '6', 92, 11, 'Korea', 'Korea', '8.5', '---', '---', '---', '---', '---', '---', 8, 1, 'Carnival1,Carnival2,Carnival3,Carnival4,Carnival5,Carnival6'),
(16, 4, 'فيات تيبو', 2021, 329900, 98970, 5581, '1600 CC', '110', '192', 2, '6', 92, 6, 'Italy', '---', '11.2', '4368', '1792', '1495', '150', '2638', '440', 5, 1, 'Tipo1,Tipo2,Tipo3,Tipo4,Tipo5,Tipo6'),
(17, 4, 'فيات 500', 2021, 334900, 100470, 5665, '1400 CC', '100', '182', 2, '6', 92, 6, 'Italy', 'Italy', '10.5', '3546', '1627', '1488', '143', '2300', '269', 4, 1, '5001,5002,5003,5004,5005,5006'),
(18, 4, 'فيات دوبلو', 2020, 320000, 96000, 5413, '1400 CC', '77', '150', 1, '5', 92, 7, 'Italy', 'Italy', '15.4', '4253', '1722', '1818', '184', '2583', '---', 5, 1, 'Doblo1,Doblo2,Doblo3,Doblo4,Doblo5,Doblo6'),
(19, 4, 'فيات 500 سى', 2021, 374900, 112470, 6342, '1400 CC', '100', '180', 2, '6', 92, 6, 'Italy', 'Italy', '11', '3546', '1627', '1488', '143', '2300', '269', 4, 1, '500c1,500c2,500c3,500c4,500c5,500c6'),
(20, 4, 'فيات 500 اكس', 2021, 434900, 130470, 7357, '1400 CC Turbo', '140', '190', 2, '6', 92, 6, 'Italy', 'Italy', '10.3', '4269', '1796', '1608', '160', '---', '350', 5, 1, '500x1,500x2,500x3,500x4,500x5,500x6'),
(21, 5, 'بريليانس V5', 2019, 235000, 70500, 3975, '1600 CC', '---', '---', 1, '5', 92, 0, 'China', '---', '---', '---', '---', '---', '---', '---', '---', 5, 1, 'V51,V52,V53,V54,V55,V56'),
(22, 5, 'بريليانس V6', 2021, 369900, 110970, 6257, '1500 CC Turbo', '151', '180', 3, '7', 95, 8, 'China', 'China', '10.5', '4620', '1922', '1727', '192', '2725', '502', 5, 1, 'V61,V62,V63,V64,V65,V66'),
(23, 6, 'بى واى دى F3', 2021, 174000, 52200, 2944, '1500 CC', '108', '180', 1, '5', 92, 0, 'China', 'China', '---', '4533', '1705', '1490', '170', '2600', '360', 5, 1, 'F31,F32,F33,F34,F35'),
(24, 6, 'بى واى دى S5', 2020, 285000, 85500, 4821, '1500 CC Turbo', '156', '180', 2, '6', 92, 7, 'China', 'China', '---', '4810', '1855', '1725', '190', '2720', '---', 5, 1, 'S51,S52,S53,S54,S55,S56'),
(25, 7, 'بي ام دبليو 118', 2021, 650000, 195000, 10996, '1500 CC Turbo', '136', '210', 2, '8', 95, 5, 'Germany', 'Germany', '8.7', '4329', '1765', '1440', '140', '2690', '360', 5, 1, '1181,1182,1183,1184,1185,1186'),
(26, 7, 'بي ام دبليو 218', 2020, 620000, 186000, 10488, '1500 CC Turbo', '136', '205', 2, '6', 92, 5, 'Germany', 'Germany', '9.2', '4556', '1800', '1608', '165', '2780', '645', 7, 1, '2181,2182,2183,2184,2185,2186'),
(27, 7, 'بي ام دبليو 218i', 2021, 750000, 225000, 12688, '1500 CC Turbo', '140', '215', 2, '7', 95, 5, 'Germany', 'Germany', '8.7', '5.4', '1800', '1420', '152', '2670', '430', 5, 1, '218i1,218i2,218i3,218i4,218i5,218i6'),
(28, 7, 'بي ام دبليو X1', 2021, 800000, 240000, 13533, '1500 CC Turbo', '140', '201', 2, '7', 95, 6, 'Germany', 'Germany', '9.6', '4439', '1812', '1612', '193', '2670', '505', 5, 3, 'X11,X12,X13,X14,X15,X16'),
(29, 7, 'بي ام دبليو 418', 2020, 750000, 225000, 12688, '1500 CC Turbo', '136', '210', 2, '8', 95, 7, 'Germany', 'Germany', '9.6', '4638', '1825', '1389', '135', '2910', '480', 5, 2, '4181,4182,4183,4184,4185,4186'),
(30, 7, 'بي ام دبليو 320', 2021, 950000, 285000, 16071, '2000 CC Turbo', '184', '235', 2, '8', 92, 6, 'Germany', 'Germany', '7.2', '4709', '1827', '1432', '157', '2851', '480', 5, 1, '3201,3202,3203,3204,3205,3206'),
(31, 7, 'بي ام دبليو 520', 2021, 1200000, 360000, 20300, '1600 CC Turbo', '170', '226', 2, '8', 95, 6, 'Germany', 'Germany', '8.3', '4936', '1868', '1478', '145', '2975', '530', 5, 2, '5201,5202,5203,5204,5205,5206'),
(32, 7, 'بي ام دبليو Z4', 2020, 1195000, 358500, 20215, '2000 CC Turbo', '197', '240', 2, '8', 95, 7, 'Germany', 'Germany', '6.6', '---', '---', '---', '---', '---', '---', 2, 1, 'Z41,Z42,Z43,Z44,Z45,Z46'),
(33, 7, 'بي ام دبليو X3', 2021, 1650000, 495000, 27913, '3000 CC Turbo', '360', '250', 2, '8', 95, 8, 'Germany', '---', '4.8', '4716', '1897', '1676', '204', '2864', '550', 5, 3, 'X31,X32,X33,X34,X35,X36'),
(34, 7, 'بي ام دبليو X4', 2021, 1500000, 450000, 25375, '2000 CC Turbo', '252', '210', 2, '8', 92, 8, 'Germany', 'Germany', '6.3', '4752', '1918', '1621', '204', '2864', '550', 5, 3, 'X41,X42,X43,X44,X45,X46'),
(35, 7, 'بي ام دبليو X5', 2021, 2250000, 675000, 38063, '4400 CC Turbo', '530', '250', 2, '8', 92, 0, 'Germany', '---', '4.3', '4922', '2004', '1745', '214', '2975', '645', 5, 3, 'X51,X52,X53,X54,X55,X56'),
(36, 7, 'بي ام دبيلو 730', 2021, 1950000, 585000, 32988, '2000 CC Turbo', '265', '250', 2, '8', 92, 6, 'Germany', 'Germany', '7.2', '5219', '1902', '1481', '152', '3210', '515', 4, 2, '7301,7302,7303,7304,7305,7306'),
(37, 7, 'بي ام دبليو X6', 2021, 2500000, 750000, 42092, '4400 CC Turbo', '530', '250', 2, '8', 95, 10, 'Germany', 'Egypt', '4.3', '4935', '2004', '1696', '216', '2975', '580', 5, 3, 'X61,X62,X63,X64,X65,X66'),
(38, 7, 'بي ام دبليو 740', 2020, 2600000, 780000, 43983, '3000 CC Turbo', '340', '250', 2, '8', 92, 7, 'Germany', 'Germany', '5.6', '5219', '1902', '1481', '152', '3210', '515', 5, 2, '7401,7402,7403,7404,7405,7406'),
(39, 7, 'بي ام دبليو 850', 2020, 2900000, 870000, 49058, '4400 CC Turbo', '530', '250', 2, '8', 95, 11, 'Germany', 'Germany', '3.9', '4851', '1902', '1346', '130', '2822', '350', 4, 3, '8501,8502,8503,8504,8505,8506'),
(40, 7, 'بي ام دبليو X7', 2021, 2900000, 870000, 49058, '4400 CC Turbo', '530', '250', 2, '8', 95, 11, 'Germany', 'Germany', '4.7', '5151', '2000', '1805', '220', '3105', '---', 7, 3, 'X71,X72,X73,X74,X75,X76'),
(41, 7, 'بي ام دبليو M850', 2021, 2990000, 897000, 50581, '4400 CC Turbo', '530', '250', 2, '8', 95, 11, 'Germany', 'Germany', '3.9', '4851', '1902', '1346', '130', '2822', '350', 4, 3, 'M8501,M8502,M8503,M8504,M8505,M8506'),
(42, 8, 'سيتروين سي اليزيه', 2021, 263900, 79170, 4464, '1600 CC', '115', '188', 2, '6', 92, 7, 'France', 'Spain', '12.7', '4427', '1948', '1466', '156', '2652', '506', 5, 1, 'CElysee1,CElysee2,CElysee3,CElysee4,CElysee5,CElysee6'),
(43, 8, 'سيتروين c3 ايركروس', 2021, 374900, 112470, 6342, '1200 CC Turbo', '110', '183', 2, '6', 95, 6, 'France', 'Spain', '10.6', '4154', '1756', '1597', '170', '2604', '410', 5, 1, 'C31,C32,C33,C34,C35,C36'),
(44, 8, 'سيتروين C4', 2020, 419900, 125970, 7103, '1600 CC', '165', '210', 2, '6', 95, 6, 'France', 'France', '8.7', '4602', '1826', '1638', '187', '2840', '632', 7, 1, 'C41,C42,C43,C44,C45,C46'),
(45, 8, 'سيتروين C5', 2021, 547000, 164100, 9253, '1600 CC Turbo', '165', '201', 2, '6', 92, 7, 'France', 'France', '9.4', '4500', '1860', '1689', '200', '2730', '516', 5, 1, 'C51,C52,C53,C54,C55,C56'),
(46, 9, 'بيجو 301', 2021, 269990, 80997, 4567, '1600 CC ', '115', '188', 2, '6', 92, 7, 'France', 'Spain', '12.1', '4442', '1747', '1466', '165', '2652', '506', 5, 1, '3011,3012,3013,3014,3015,3016'),
(47, 9, 'بيجو 2008', 2021, 419990, 125997, 7105, '1200 CC Turbo', '130', '---', 2, '6', 95, 0, 'France', 'France', '9.3', '4300', '1815', '1530', '160', '2605', '434', 5, 1, '20081,20082,20083,20084,20085,20086'),
(48, 9, 'بيجو 508', 2021, 604990, 181497, 10234, '1600 CC Turbo', '165', '200', 2, '6', 92, 6, 'France', 'France', '8.7', '4750', '1847', '1404', '145', '2793', '487', 5, 1, '5081,5082,5083,5084,5085,5086'),
(49, 9, 'بيجو 3008', 2021, 689990, 206997, 11672, '1600 CC Turbo', '165', '206', 2, '6', 95, 6, 'France', 'France', '8.9', '4447', '1841', '1615', '187', '2675', '520', 5, 1, '30081,30082,30083,30084,30085,30086'),
(50, 9, 'بيجو 5008', 2021, 744990, 223497, 12603, '1600 CC Turbo', '165', '206', 2, '6', 95, 6, 'France', 'France', '9.2', '4641', '1844', '1646', '190', '2840', '510', 7, 1, '50081,50082,50083,50084,50085,50086'),
(51, 11, 'ميتسوبيشي لانسر', 2018, 360000, 108000, 6090, '1600 CC ', '117', '180', 2, '4', 92, 6, 'Japan', 'Japan', '13.6', '---', '---', '---', '---', '---', '---', 5, 1, 'Lancer1,Lancer2,Lancer3,Lancer4,Lancer5,Lancer6'),
(52, 11, 'ميتسوبيشي اكسباندر', 2021, 335000, 100500, 5667, '1500 CC', '104', '170', 2, '6', 92, 5, 'Japan', 'Japan', '13.8', '4475', '1750', '1700', '170', '2775', '---', 7, 1, 'Xpander1,Xpander2,Xpander3,Xpander4,Xpander5,Xpander6'),
(53, 11, 'ميتسوبيشي اكليبس كروس', 2021, 505000, 151500, 8543, '1500 CC Turbo', '150', '200', 4, '8', 92, 7, 'Japan', 'Japan', '9.3', '4405', '1805', '1685', '180', '2670', '378', 5, 3, 'Eclipse1,Eclipse2,Eclipse3,Eclipse4,Eclipse5,Eclipse6'),
(54, 11, 'ميتسوبيشي باجيرو', 2020, 1650000, 495000, 27913, '3800 CC', '250', '180', 2, '5', 92, 10, 'Japan', 'Japan', '9.7', '4900', '1875', '1870', '---', '2780', '1081', 7, 3, 'Pajero1,Pajero2,Pajero3,Pajero4,Pajero5,Pajero6'),
(55, 12, 'مازدا 3', 2021, 520000, 156000, 8797, '1500 CC', '110', '200', 2, '6', 92, 7, 'Japan', 'Japan', '12.1', '4660', '1795', '1440', '140', '2725', '454', 5, 1, 'Mazda31,Mazda32,Mazda33,Mazda34,Mazda35,Mazda36'),
(56, 12, 'مازدا Cx 3', 2021, 391000, 117300, 6614, '1500 CC', '110', '---', 2, '6', 92, 0, 'Japan', 'Japan', '---', '4275', '1804', '1535', '160', '2750', '240', 5, 1, 'Cx31,Cx32,Cx33,Cx34,Cx35,Cx36'),
(57, 13, 'نيسان صني', 2021, 230500, 69150, 3899, '1500 CC', '108', '180', 2, '4', 92, 7, 'Japan', 'Egypt', '12.5', '4425', '1659', '1500', '157', '2600', '490', 5, 1, 'Sunny1,Sunny2,Sunny3,Sunny4,Sunny5,Sunny6'),
(58, 13, 'نيسان سنترا', 2021, 314400, 94320, 5319, '1600 CC', '118', '180', 4, '---', 92, 9, 'Japan', 'Egypt', '10.9', '4615', '1760', '1495', '165', '2700', '510', 5, 1, 'Sentra1,Sentra2,Sentra3,Sentra4,Sentra5,Sentra6'),
(59, 13, 'نيسان جوك', 2021, 383500, 115050, 6488, '1000 CC Turbo', '115', '180', 3, '7', 95, 5, 'Japan', 'UK', '10.4', '4210', '1800', '1595', '---', '2636', '422', 5, 1, 'Juke1,Juke2,Juke3,Juke4,Juke5,Juke6'),
(60, 13, 'نيسان قشقاي', 2021, 445500, 133650, 7536, '1200 CC Turbo', '115', '175', 4, '---', 92, 6, 'Japan', 'UK', '12.9', '4394', '1806', '1595', '180', '2646', '430', 5, 1, 'Qashqai1,Qashqai2,Qashqai3,Qashqai4,Qashqai5,Qashqai6'),
(61, 13, 'نيسان باترول', 2020, 3500000, 1050000, 59208, '5600 CC', '400', '195', 2, '7', 92, 12, 'Japan', 'Japan', '8.1', '5315', '1995', '1955', '---', '3075', '273', 8, 3, 'Patrol1,Qashqai2,Qashqai3,Qashqai4,Qashqai5,Qashqai6'),
(62, 14, 'اوبل استرا', 2021, 320000, 96000, 5413, '1400 CC Turbo', '140', '207', 2, '6', 92, 6, 'Germany', 'Poland', '10.2', '4658', '1814', '1500', '151', '2685', '460', 5, 1, 'Astra1,Astra2,Astra3,Astra4,Astra5,Astra6'),
(63, 14, 'اوبل كروس لاند', 2021, 364990, 109497, 6174, '1200 CC Turbo', '110', '187', 2, '6', 92, 5, 'Germany', 'Germany', '11.8', '4217', '1765', '1605', '180', '2604', '410', 5, 1, 'Crossland1,Crossland2,Crossland3,Crossland4,Crossland5,Crossland6'),
(64, 14, 'اوبل جراند لاند', 2021, 529990, 158997, 8966, '1600 CC Turbo', '163', '201', 2, '6', 92, 7, 'Germany', 'Germany', '9.4', '4477', '1856', '1609', '200', '2675', '514', 5, 1, 'Grandland1,Grandland2,Grandland3,Grandland4,Grandland5,Grandland6'),
(65, 14, 'اوبل انسيجنيا', 2020, 559900, 167970, 9472, '1500 CC Turbo', '165', '217', 2, '6', 95, 6, 'Germany', 'Germany', '9.4', '4897', '2093', '1455', '---', '2829', '490', 5, 1, 'Insignia1,Insignia2,Insignia3,Insignia4,Insignia5,Insignia6'),
(66, 10, 'هيونداي فيرنا', 2019, 224900, 67470, 3805, '1600 CC', '106', '173', 2, '4', 92, 8, 'Korea', 'Egypt', '13.5', '---', '---', '---', '---', '---', '---', 5, 1, 'Verna1,Verna2,Verna3,Verna4,Verna5'),
(67, 10, 'هيونداي اكسنت RB', 2021, 251900, 75570, 4261, '1600 CC', '125', '185', 2, '4', 92, 7, 'Korea', 'Egypt', '11.1', '4370', '1705', '1455', '147', '2570', '389', 5, 1, 'AccentRB1,AccentRB2,AccentRB3,AccentRB4,AccentRB5,AccentRB6'),
(68, 10, 'هيونداي I10', 2020, 249900, 74970, 4227, '1250 CC', '87', '166', 2, '4', 92, 6, 'Korea', 'Turkey', '12.3', '3995', '1660', '1505', '150', '2425', '252', 5, 1, 'I101,I102,I103,I104,I105,I106'),
(69, 10, 'هيونداي اكسنت HCI', 2021, 295000, 88500, 4990, '1400 CC', '99', '180', 2, '6', 92, 6, 'Korea', 'India', '11.3', '4440', '1729', '1460', '150', '2600', '480', 5, 1, 'AccentHCI1,AccentHCI2,AccentHCI3,AccentHCI4,AccentHCI5,AccentHCI6'),
(70, 10, 'هيونداي I20', 2021, 305000, 91500, 5160, '1400 CC', '99', '---', 2, '6', 92, 0, 'Korea', 'Turkey', '---', '4040', '1775', '1450', '140', '2580', '140', 5, 1, 'I201,I202,I203,I204,I205,I206'),
(71, 10, 'هيونداي النترا', 2021, 492000, 147600, 8323, '1600 CC', '126', '---', 2, '6', 92, 0, 'Korea', 'Korea', '---', '4675', '1825', '1430', '150', '2720', '474', 5, 1, 'Elantra1,Elantra2,Elantra3,Elantra4,Elantra5,Elantra6'),
(72, 10, 'هيونداي كريتا', 2021, 427900, 128370, 7239, '1500 CC', '113', '---', 4, '---', 92, 0, 'Korea', 'India', '---', '4300', '1790', '1620', '190', '2610', '433', 5, 1, 'Creta1,Creta2,Creta3,Creta4,Creta5,Creta6'),
(73, 10, 'هيونداي توسان', 2021, 595000, 178500, 10065, '1600 CC Turbo', '180', '201', 3, '7', 92, 6, 'Korea', 'Czech', '9', '4500', '1865', '1651', '170', '2680', '503', 5, 1, 'Tucson1,Tucson2,Tucson3,Tucson4,Tucson5,Tucson6'),
(74, 10, 'هيونداي سوناتا', 2019, 659900, 197970, 11163, '1600 CC', '180', '229', 2, '7', 92, 13, 'Korea', '---', '8.3', '---', '---', '---', '---', '---', '---', 5, 1, 'Sonata1,Sonata2,Sonata3,Sonata4,Sonata5,Sonata6'),
(75, 10, 'هيونداي ايونك', 2019, 590000, 177000, 9981, '1600 CC', '139', '---', 2, '6', 0, 0, 'Korea', '---', '---', '---', '---', '---', '---', '---', '---', 0, 1, 'Ioniq1,Ioniq2,Ioniq3,Ioniq4,Ioniq5,Ioniq6'),
(76, 15, 'اودي A3', 2020, 555000, 166500, 9389, '1000 CC', '115', '211', 2, '7', 95, 4, 'Germany', 'Hungary', '9.9', '4458', '1796', '1416', '154', '2637', '425', 5, 1, 'A31,A32,A33,A34,A35,A36'),
(77, 15, 'اودي Q2', 2021, 620000, 186000, 10488, '1400 CC Turbo', '150', '218', 2, '7', 95, 5, 'Germany', 'Germany', '10.3', '4191', '1794', '1508', '---', '2595', '405', 5, 1, 'Q21,Q22,Q23,Q24,Q25,Q26'),
(78, 15, 'اودي Q3', 2021, 1050000, 315000, 17763, '2000 CC Turbo', '190', '214', 2, '8', 95, 8, 'Germany', 'Germany', '7.4', '4484', '1856', '1585', '170', '---', '530', 5, 3, 'Q31,Q32,Q33,Q34,Q35,Q36'),
(79, 15, 'اودي A4', 2021, 880000, 264000, 14887, '2000 CC', '190', '210', 2, '7', 92, 7, 'Germany', 'Germany', '8.6', '4672', '1847', '1428', '135', '---', '450', 5, 3, 'A41,A42,A43,A44,A45,A46'),
(80, 15, 'اودي A5', 2021, 970000, 291000, 16409, '2000 CC Turbo', '190', '220', 2, '7', 95, 7, 'Germany', 'Germany', '6', '4757', '1843', '1386', '135', '2824', '450', 5, 3, 'A51,A52,A53,A54,A55,A56'),
(81, 15, 'اودي A6', 2020, 1490000, 447000, 25206, '2000 CC Turbo', '252', '250', 2, '7', 95, 7, 'Germany', 'Germany', '6.5', '4932', '1874', '1455', '150', '2912', '530', 5, 3, 'A61,A62,A63,A64,A65,A66'),
(82, 15, 'اودي Q7', 2021, 1890000, 567000, 31973, '3000 CC Turbo', '250', '---', 2, '8', 92, 9, 'Germany', 'Germany', '5.9', '5063', '1970', '1741', '210', '---', '650', 7, 3, 'Q71,Q72,Q73,Q74,Q75,Q76'),
(83, 15, 'اودي Q8', 2020, 2000000, 600000, 33833, '3000 CC', '340', '250', 2, '8', 95, 9, 'Germany', 'Germany', '5.9', '4986', '1995', '1705', '205', '2995', '605', 5, 1, 'Q81,Q82,Q83,Q8Q84,Q85,Q86'),
(84, 15, 'اودي A8', 2019, 3350000, 1005000, 56671, '3000 CC', '240', '250', 2, '8', 92, 11, 'Germany', '---', '6.5', '5265', '2111', '1471', '125', '3122', '520', 4, 3, 'A81,A82,A83,A84,A85,A86'),
(89, 16, 'جاكوار E-pace', 2020, 999000, 299700, 16900, '2000 CC Turbo', '250', '230', 2, '9', 95, 8, 'UK', 'UK', '7', '4395', '1984', '1649', '204', '2681', '1234', 5, 3, 'E-pace1,E-pace2,E-pace3,E-pace4,E-pace5,E-pace6'),
(90, 16, 'جاكوار XE', 2021, 1100000, 330000, 18608, '2000 CC Turbo', '250', '250', 2, '8', 95, 7, 'UK', '---', '6.5', '4672', '1850', '1416', '---', '2835', '455', 5, 2, 'XE1,XE2,XE3,XE4,XE5,XE6'),
(91, 16, 'جاكوار F-pace', 2021, 1390000, 417000, 23514, '2000 CC Turbo', '250', '250', 2, '8', 92, 9, 'UK', 'UK', '5.8', '4731', '2070', '1652', '213', '2874', '650', 5, 3, 'F-pace1,F-pace2,F-pace3,F-pace4,F-pace5,F-pace6'),
(92, 16, 'جاكوار XF', 2021, 1490000, 447000, 25206, '2000 CC Turbo', '250', '235', 2, '8', 95, 7, 'UK', 'UK', '7.5', '4954', '1880', '1457', '---', '2960', '540', 5, 3, 'XF1,XF2,XF3,XF4,XF5,XF6'),
(93, 16, 'جاكوار F-Type', 2021, 1890000, 567000, 31973, '2000 CC Turbo', '300', '250', 2, '8', 95, 8, 'UK', 'UK', '5.7', '4482', '1923', '---', '---', '----', '207', 2, 2, 'F-type1,F-type2,F-type3,F-type4,F-type5,F-type6'),
(94, 17, 'جيب رينيجيد', 2021, 530000, 159000, 8966, '1400 CC Turbo', '170', '196', 2, '9', 95, 7, 'USA', 'Italy', '8.8', '4232', '2023', '1664', '171', '2570', '351', 5, 3, 'Renegade1,Renegade2,Renegade3,Renegade4,Renegade5,Renegade6'),
(95, 17, 'جيب جراند شيروكي', 2020, 1100000, 330000, 18608, '5700 CC Turbo', '360', '225', 2, '8', 92, 13, 'USA', 'USA', '8.7', '4822', '2154', '1761', '218', '2915', '1027', 5, 3, 'GrandCherokee1,GrandCherokee2,GrandCherokee3,GrandCherokee4,GrandCherokee5,GrandCherokee6'),
(96, 18, 'رينو لوجان', 2021, 239000, 71700, 4043, '1600 CC', '110', '175', 2, '4', 92, 6, 'France', 'Morocco', '11.5', '4348', '1994', '1517', '168', '2634', '510', 5, 1, 'Logan1,Logan2,Logan3,Logan4,Logan5,Logan6'),
(97, 18, 'رينو سانديرو', 2021, 229000, 68700, 3874, '1600 CC', '110', '176', 2, '4', 92, 7, 'France', 'Morocco', '12.1', '4058', '1994', '1518', '155', '2590', '320', 5, 1, 'Sandero1,Sandero2,Sandero3,Sandero4,Sandero5,Sandero6'),
(98, 18, 'رينو سانديرو (ستيب واي)', 2021, 249000, 74700, 4212, '1600 CC', '110', '175', 2, '4', 92, 8, 'France', 'Morocco', '12.3', '4089', '1994', '1615', '168', '2590', '320', 5, 1, 'SanderoStepWay1,SanderoStepWay2,SanderoStepWay3,SanderoStepWay4,SanderoStepWay5,SanderoStepWay6'),
(99, 18, 'رينو ميجان', 2021, 389000, 116700, 6581, '1200 CC Turbo', '130', '200', 3, '7', 95, 5, 'France', 'Turkey', '10.9', '4632', '1814', '1814', '136', '2711', '508', 5, 1, 'Megane1,Megane2,Megane3,Megane4,Megane5,Megane6'),
(100, 18, 'رينو داستر', 2021, 348000, 104400, 5887, '1600 CC', '115', '172', 4, '---', 92, 7, 'France', 'Romania', '12', '4341', '1804', '1693', '210', '2674', '445', 5, 1, 'Duster1,Duster2,Duster3,Duster4,Duster5,Duster6'),
(101, 18, 'رينو كادجار', 2021, 434000, 130200, 7342, '1200 CC Turbo', '130', '192', 3, '7', 92, 6, 'France', 'Spain', '10.1', '4449', '1836', '1607', '200', '2646', '472', 5, 1, 'Kadjar1,Kadjar2,Kadjar3,Kadjar4,Kadjar5,Kadjar6'),
(102, 19, 'سوزوكي التو', 2020, 123900, 37170, 2096, '800 CC', '47', '130', 1, '5', 92, 4, 'Japan', 'Japan', '20', '3430', '1490', '1475', '160', '2360', '180', 5, 1, 'Alto1,Alto2,Alto3,Alto4,Alto5,Alto6'),
(103, 19, 'سوزوكي اسبريسو', 2021, 164900, 44070, 2485, '1000 CC', '47', '---', 1, '5', 92, 5, 'Japan', '---', '14.3', '3565', '1520', '1549', '180', '2380', '239', 4, 1, 'SPresso1,SPresso2,SPresso3,SPresso4,SPresso5,SPresso6'),
(104, 19, 'سوزوكي سويفت ديزاير', 2021, 214500, 64350, 3629, '1200 CC', '85', '175', 2, '5', 92, 6, 'Japan', '---', '13.2', '3990', '1730', '1510', '165', '2540', '378', 5, 1, 'SwiftDzire1,SwiftDzire2,SwiftDzire3,SwiftDzire4,SwiftDzire5,SwiftDzire6'),
(105, 19, 'سوزوكي سويفت', 2021, 218500, 65550, 3696, '1200 CC', '84', '180', 2, '5', 92, 6, 'Japan', 'India', '12.9', '3840', '1735', '1495', '120', '2450', '211', 5, 1, 'Swift1,Swift2,Swift3,Swift4,Swift5,Swift6'),
(106, 19, 'سوزوكي سياز', 2021, 252800, 75840, 4277, '1500 CC', '104', '---', 2, '4', 92, 0, 'Japan', '---', '---', '4490', '1730', '1475', '145', '2650', '495', 5, 1, 'Ciaz1,Ciaz2,Ciaz3,Ciaz4,Ciaz5,Ciaz6'),
(107, 19, 'سوزوكي بالينو', 2021, 245000, 75200, 4297, '1400 CC', '95', '170', 2, '4', 92, 0, 'Japan', 'India', '11.6', '3995', '1745', '1470', '145', '2520', '355', 5, 1, 'Baleno1,Baleno2,Baleno3,Baleno4,Baleno5,Baleno6'),
(108, 19, 'سوزوكي ارتيجا', 2021, 288900, 86670, 4887, '1500 CC', '104', '---', 2, '4', 92, 7, 'Japan', 'India', '13.5', '4265', '1695', '1685', '185', '2740', '482', 7, 1, 'Ertiga1,Ertiga2,Ertiga3,Ertiga4,Ertiga5,Ertiga6'),
(109, 20, 'فولفو XC40', 2021, 855000, 256500, 14464, '2000 CC Turbo', '254', '230', 2, '8', 95, 7, 'Sweden', 'Belgium', '6.5', '4425', '1863', '1652', '211', '2702', '460', 5, 3, 'XC401,XC402,XC403,XC404,XC405,XC406'),
(110, 20, 'فولفو XC60', 2021, 1160000, 348000, 19623, '2000 CC Turbo', '245', '220', 2, '8', 95, 7, 'Sweden', 'Sweden', '6.8', '4688', '1902', '1658', '215', '2865', '495', 5, 3, 'XC601,XC602,XC603,XC604,XC605,XC606'),
(111, 20, 'فولفو XC90', 2021, 1690000, 507000, 28589, '2000 CC Turbo', '320', '230', 2, '8', 95, 8, 'Sweden', 'Sweden', '6.5', '4950', '2008', '1776', '227', '2984', '386', 7, 3, 'XC901,XC902,XC903,XC904,XC905,XC906'),
(112, 21, 'فولكس فاغن جولف', 2019, 389900, 116970, 6596, '1200 CC', '110', '195', 3, '7', 95, 5, 'Germany', 'Germany', '9.9', '4255', '1799', '1452', '147', '2637', '3880', 5, 1, 'Golf1,Golf2,Golf3,Golf4,Golf5,Golf6'),
(113, 21, 'فولكس فاغن باسات', 2021, 600000, 180000, 10150, '1400 CC Turbo', '150', '220', 3, '7', 95, 5, 'Germany', 'Germany', '8.9', '4767', '1747', '1456', '145', '2791', '586', 5, 1, 'Passat1,Passat2,Passat3,Passat4,Passat5,Passat6'),
(114, 21, 'فولكس فاغن تيجوان', 2021, 645900, 193770, 10926, '1400 CC Turbo', '150', '215', 3, '6', 95, 7, 'Germany', 'Germany', '9.2', '4486', '1839', '1664', '---', '2681', '615', 5, 1, 'Tiguan1,Tiguan2,Tiguan3,Tiguan4,Tiguan5,Tiguan6'),
(115, 22, 'تويوتا كورولا', 2021, 460000, 138000, 7782, '1600 CC', '120', '189', 4, '---', 92, 7, 'Japan', 'Turkey', '12', '4630', '1780', '1435', '764', '2700', '470', 5, 1, 'Corolla1,Corolla2,Corolla3,Corolla4,Corolla5,Corolla6'),
(116, 22, 'تويوتا راش', 2021, 365000, 109500, 6175, '1500 CC', '103', '160', 2, '4', 92, 7, 'Japan', 'Turkey', '13', '4435', '1695', '1705', '220', '2685', '209', 7, 2, 'Rush1,Rush2,Rush3,Rush4,Rush5,Rush6'),
(117, 22, 'تويوتا ياريس', 2021, 375000, 112500, 6344, '1500 CC', '123', '---', 4, '---', 92, 0, 'Japan', 'France', '---', '3945', '1695', '1510', '---', '---', '---', 5, 1, 'Yaris1,Yaris2,Yaris3,Yaris4,Yaris5,Yaris6'),
(118, 22, 'تويوتا C-HR', 2021, 445000, 133500, 7528, '1200 CC Turbo', '113', '---', 4, '---', 92, 0, 'Japan', 'Turkey', '---', '4390', '1795', '1555', '---', '2640', '443', 5, 1, 'C-HR1,C-HR2,C-HR3,C-HR4,C-HR5,C-HR6'),
(119, 22, 'تويوتا فورتشنر', 2022, 925000, 277500, 15648, '4000 CC', '234', '---', 2, '6', 92, 0, 'Japan', '---', '---', '4795', '1855', '1835', '---', '2745', '---', 7, 3, 'Fortuner1,Fortuner2,Fortuner3,Fortuner4,Fortuner5,Fortuner6'),
(120, 22, 'تويوتا راف 4', 2020, 1830000, 549000, 30958, '2500 CC', '203', '---', 2, '8', 92, 9, 'Japan', 'Japan', '---', '4610', '1864', '1742', '218', '2690', '1065', 5, 3, 'Rav41,Rav42,Rav43,Rav44,Rav45,Rav46'),
(121, 22, 'تويوتا كامري', 2020, 1900000, 570000, 32142, '2500 CC', '178', '195', 2, '6', 95, 8, 'Japan', 'Japan', '9.3', '4885', '1585', '1455', '---', '2825', '---', 5, 1, 'Camry1,Camry2,Camry3,Camry4,Camry5,Camry6'),
(122, 22, 'تويوتا برادو', 2021, 2300000, 690000, 38908, '2700 CC', '163', '---', 2, '6', 92, 0, 'Japan', 'Japan', '---', '---', '---', '---', '220', '---', '---', 7, 3, 'Prado1,Prado2,Prado3,Prado4,Prado5,Prado6'),
(123, 23, 'سوبارو امبريزا', 2021, 360000, 108000, 6090, '1600 CC', '114', '179', 2, '6', 92, 6, 'Japan', 'Japan', '12.6', '4625', '1775', '1455', '130', '2670', '460', 5, 3, 'Impreza1,Impreza2,Impreza3,Impreza4,Impreza5,Impreza6'),
(124, 23, 'سوبارو XV', 2021, 499900, 149970, 8457, '1600 CC', '114', '179', 2, '5', 92, 7, 'Japan', 'Japan', '13.1', '4580', '1740', '1465', '200', '2634', '632', 5, 3, 'XV1,XV2,XV3,XV4,XV5,XV6'),
(125, 24, 'مرسيديس A 180', 2021, 680000, 204000, 11503, '1300 CC Turbo', '136', '205', 2, '7', 95, 6, 'Germany', 'Germany', '9.6', '4549', '1796', '1446', '140', '2729', '420', 5, 1, 'A1801,A1802,A1803,A1804,A1805,A1806'),
(126, 24, 'مرسيديس B 180', 2021, 705000, 211500, 1926, '1300 CC Turbo', '136', '212', 2, '7', 95, 6, 'Germany', 'Germany', '9', '4419', '1796', '1562', '132', '2729', '445', 5, 1, 'B1801,B1802,B1803,B1804,B1805,B1806'),
(127, 24, 'مرسيديس GLA', 2021, 905000, 271500, 15310, '1400 CC Turbo', '163', '210', 2, '7', 95, 6, 'Germany', 'Germany', '8.7', '4410', '1834', '1611', '143', '2729', '435', 5, 1, 'GLA1,GLA2,GLA3,GLA4,GLA5,GLA6'),
(128, 24, 'مرسيديس C 180', 2021, 885000, 265500, 14971, '1500 CC Turbo', '156', '225', 2, '9', 95, 6, 'Germany', 'Germany', '8.3', '4683', '1810', '1442', '160', '2840', '475', 5, 1, 'C1801,C1802,C1803,C1804,C1805,C1806'),
(129, 24, 'مرسيديس CLA 180', 2021, 795000, 238500, 13449, '1300 CC Turbo', '136', '216', 2, '7', 95, 6, 'Germany', 'Germany', '9', '4688', '1830', '1439', '143', '2729', '460', 5, 1, 'CLA1801,CLA1802,CLA1803,CLA1804,CLA1805,CLA1806'),
(130, 24, 'مرسيديس A 200', 2021, 799000, 239700, 13516, '1300 CC Turbo', '163', '230', 2, '7', 95, 5, 'Germany', 'Germany', '8.1', '4549', '1796', '1446', '160', '2729', '420', 5, 1, 'A2001,A2002,A2003,A2004,A2005,A2006'),
(131, 24, 'مرسيديس CLA 200', 2021, 880000, 264000, 14887, '1300 CC Turbo', '163', '230', 2, '7', 95, 5, 'Germany', 'Germany', '8.2', '4688', '1830', '1439', '143', '2729', '460', 5, 1, 'CLA2001,CLA2002,CLA2003,CLA2004,CLA2005,CLA2006'),
(132, 24, 'مرسيديس C 200', 2021, 970000, 291000, 16409, '2000 CC Turbo', '198', '239', 2, '9', 95, 6, 'Germany', 'Germany', '7.7', '4686', '1810', '1442', '160', '2840', '475', 5, 2, 'C2001,C2002,C2003,C2004,C2005,C2006'),
(133, 24, 'مرسيديس C 300', 2021, 1275000, 382500, 21569, '2000 CC Turbo', '258', '250', 2, '9', 95, 7, 'Germany', 'Germany', '5.9', '4686', '1810', '1442', '140', '2840', '480', 5, 2, 'C3001,C2002,C2003,C2004,C2005,C2006'),
(134, 24, 'مرسيديس A Class', 2021, 1185000, 355500, 20046, '2000 CC Turbo', '306', '250', 2, '7', 95, 7, 'Germany', 'Germany', '4.7', '4436', '1796', '1405', '81', '2729', '370', 4, 3, 'AClass1,AClass2,AClass3,AClass4,AClass5,AClass6'),
(135, 24, 'مرسيديس GLC 300', 2021, 2135000, 640500, 36117, '3000 CC Turbo', '390', '250', 2, '9', 95, 10, 'Germany', 'Germany', '4.9', '4682', '1890', '1626', '200', '2873', '550', 4, 3, 'GLC3001,AClass2,AClass3,AClass4,AClass5,AClass6'),
(136, 24, 'مرسيديس CLS Class', 2021, 1965000, 589500, 33241, '2000 CC Turbo', '299', '249', 2, '9', 95, 8, 'Germany', 'Germany', '6', '4996', '1896', '1436', '158', '2939', '490', 5, 2, 'CLSClass1,AClass2,AClass3,AClass4,AClass5,AClass6'),
(137, 24, 'مرسيديس AMG GT', 2021, 3520000, 1056000, 59547, '3000 CC Turbo', '435', '285', 2, '9', 95, 9, 'Germany', 'Germany', '4.5', '5054', '1871', '1455', '140', '2951', '456', 4, 3, 'AMGGT1,AClass2,AClass3,AClass4,AClass5,AClass6'),
(138, 24, 'مرسيديس G Class', 2021, 3500000, 1050000, 59208, '4000 CC Turbo', '422', '210', 2, '9', 95, 0, 'Germany', 'Germany', '5.9', '4669', '1931', '1969', '270', '2890', '550', 5, 3, 'GClass1,AClass2,AClass3,AClass4,AClass5,AClass6'),
(142, 25, 'هوندا سيتي', 2021, 345000, 103500, 5836, '1500 CC', '121', '---', 4, '---', 92, 0, 'Japan', 'Japan', '---', '4553', '1748', '1467', '---', '2600', '506', 5, 1, 'City1,City2,City3,City4,City5,City6'),
(143, 25, 'هوندا سيفيك', 2021, 459000, 137700, 7765, '1600 CC', '123', '200', 4, '---', 92, 5, 'Japan', 'Turkey', '11.6', '4630', '1799', '1432', '153', '2700', '428', 5, 1, 'Civic1,Civic2,Civic3,Civic4,Civic5,Civic6'),
(144, 25, 'هوندا HRV', 2020, 505000, 151500, 8543, '1500 CC', '130', '187', 2, '4', 92, 5, 'Japan', '---', '10.1', '4334', '1772', '1605', '185', '2610', '393', 5, 1, 'HRV1,HRV2,HRV3,HRV4,HRV5,HRV6'),
(145, 25, 'هوندا CRV', 2020, 763000, 228900, 12907, '1500 CC Turbo', '188', '201', 4, '6', 92, 8, 'Japan', 'Japan', '10.1', '4571', '1855', '1689', '209', '2660', '561', 5, 3, 'CRV1,CRV2,CRV3,CRV4,CRV5,CRV6'),
(146, 25, 'هوندا اكورد', 2020, 669000, 200700, 11317, '1500 CC Turbo', '150', '205', 4, '---', 95, 8, 'Japan', 'USA', '7.5', '4889', '1862', '1460', '150', '2830', '473', 5, 1, 'Accord1,Accord2,Accord3,Accord4,Accord5,Accord6'),
(147, 26, 'سكودا سكالا', 2021, 425000, 127500, 7190, '1600 CC', '110', '188', 2, '6', 92, 6, 'Czech', 'Germany', '11.8', '---', '---', '---', '149', '---', '467', 5, 1, 'Scala1,Scala2,Scala3,Scala4,Scala5,Scala6'),
(148, 26, 'سكودا كاميك', 2021, 445000, 133500, 7528, '1600 CC', '110', '183', 2, '6', 92, 6, 'Czech', 'Germany', '11.9', '4241', '1793', '1511', '185', '2651', '400', 5, 1, 'Kamiq1,Kamiq2,Kamiq3,Kamiq4,Kamiq5,Kamiq6'),
(149, 26, 'سكودا اوكتافيا A8', 2021, 660000, 198000, 11165, '2000 CC Turbo', '245', '218', 3, '7', 95, 7, 'Czech', 'Czech', '6.7', '4689', '1829', '1470', '128', '2686', '600', 4, 1, 'OctaviaRS1,OctaviaRS2,OctaviaRS3,OctaviaRS4,OctaviaRS5,OctaviaRS6'),
(150, 26, 'سكودا سوبيرب', 2021, 830000, 249000, 14041, '2000 CC Turbo', '280', '250', 3, '6', 95, 0, 'Czech', 'Czech', '5.9', '4869', '2031', '1469', '136', '2841', '625', 5, 3, 'Superb1,Superb2,Superb3,Superb4,Superb5,Superb6'),
(151, 26, 'سكودا كاروك', 2021, 599999, 180000, 10150, '1400 CC Turbo', '150', '200', 2, '8', 95, 6, 'Czech', 'Czech', '8.8', '4382', '1841', '1603', '186', '2638', '512', 5, 1, 'Karoq1,Karoq2,Karoq3,Karoq4,Karoq5,Karoq6'),
(152, 26, 'سكودا كودياك', 2021, 875000, 262500, 14802, '2000 CC Turbo', '180', '205', 3, '7', 95, 7, 'Czech', 'Czech', '8.4', '4699', '1882', '1676', '198', '2790', '270', 7, 3, 'Kodiaq1,Kodiaq2,Kodiaq3,Kodiaq4,Kodiaq5,Kodiaq6'),
(153, 27, 'بروتون ساجا', 2021, 202900, 60870, 3432, '1300 CC', '95', '---', 2, '4', 92, 7, 'Malaysia', 'Malaysia', '---', '4331', '1689', '1491', '---', '2456', '420', 5, 1, 'Saga1,Saga2,Saga3,Saga4,Saga5,Saga6'),
(154, 27, 'بروتون اكسورا', 2021, 270000, 81000, 4568, '1600 CC Turbo', '140', '---', 4, '---', 92, 8, 'Malaysia', 'Malaysia', '12.9', '4610', '1809', '1691', '155', '2730', '132', 7, 1, 'Exora1,Exora2,Exora3,Exora4,Exora5,Exora6'),
(155, 27, 'بروتون بريف', 2019, 275000, 82500, 4652, '1600 CC Turbo', '138', '190', 4, '7', 92, 9, 'Malaysia', 'Malaysia', '9.9', '4543', '1786', '1524', '155', '2650', '508', 5, 1, 'Preve1,Preve2,Preve3,Preve4,Preve5,Preve6'),
(156, 28, 'فورد فيستا', 2019, 229900, 68970, 3889, '1000 CC', '100', '180', 1, '6', 92, 5, 'USA', 'Germany', '12.2', '4040', '1735', '1466', '155', '2493', '292', 5, 1, 'Fiesta1,Fiesta2,Fiesta3,Fiesta4,Fiesta5,Fiesta6'),
(157, 28, 'فورد ايكو سبورت', 2021, 370000, 111000, 6259, '1000 CC Turbo', '123', '180', 2, '6', 92, 6, 'USA', 'Romania', '116', '4096', '1765', '1653', '190', '2519', '310', 5, 1, 'EcoSport1,EcoSport2,EcoSport3,EcoSport4,EcoSport5,EcoSport6'),
(158, 28, 'فورد فوكس', 2021, 465000, 139500, 7866, '1500 CC', '120', '---', 2, '6', 92, 0, 'USA', 'Germany', '---', '4647', '1825', '1471', '---', '---', '---', 5, 1, 'Focus1,Focus2,Focus3,Focus4,Focus5,Focus6'),
(159, 28, 'فورد كوجا', 2019, 564900, 169470, 9556, '1500 CC', '180', '200', 2, '6', 95, 8, 'USA', 'Spain', '10.1', '4531', '1838', '1703', '200', '2690', '456', 5, 1, 'Kuga1,Kuga2,Kuga3,Kuga4,Kuga5,Kuga6'),
(160, 28, 'فورد فيوجن', 2021, 675000, 202500, 11419, '2000 CC Turbo', '240', '---', 2, '6', 95, 0, 'USA', 'Spain', '7.3', '4870', '1852', '1480', '157', '2850', '429', 5, 1, 'Fusion1,Fusion2,Fusion3,Fusion4,Fusion5,Fusion6'),
(161, 29, 'سيات ابيزا', 2021, 350000, 105000, 5921, '1600 CC', '110', '192', 2, '6', 92, 6, 'Spain', 'Germany', '10.8', '4043', '1693', '1428', '150', '2564', '355', 5, 1, 'Ibiza1,Ibiza2,Ibiza3,Ibiza4,Ibiza5,Ibiza6'),
(162, 29, 'سيات ارونا', 2021, 365000, 109500, 6175, '1600 CC', '110', '181', 2, '6', 92, 6, 'Spain', 'Germany', '11.5', '4138', '1780', '1552', '175', '2566', '400', 5, 1, 'Arona1,Arona2,Arona3,Arona4,Arona5,Arona6'),
(163, 29, 'سيات ليون', 2020, 389900, 116970, 6596, '1600 CC', '110', '185', 2, '6', 92, 6, 'Spain', 'Germany', '11.4', '4263', '1816', '1459', '155', '2363', '380', 5, 1, 'Leon1,Leon2,Leon3,Leon4,Leon5,Leon6'),
(164, 29, 'سيات اتيكا', 2021, 560000, 168000, 9473, '1400 CC Turbo', '150', '198', 2, '8', 95, 6, 'Spain', 'Czech', '8.6', '4363', '1841', '1601', '188', '2640', '510', 5, 1, 'Ateca1,Ateca2,Ateca3,Ateca4,Ateca5,Ateca6'),
(165, 29, 'سيات تاراكو', 2021, 665000, 199500, 11250, '1400 CC Turbo', '150', '199', 3, '6', 92, 7, 'Spain', 'Germany', '9.4', '4735', '1839', '1674', '190', '2790', '700', 7, 1, 'Tarraco1,Tarraco2,Tarraco3,Tarraco4,Tarraco5,Tarraco6'),
(166, 29, 'سيات ليون كوبرا', 2020, 589900, 176970, 9979, '2000 CC Turbo', '290', '250', 3, '6', 95, 7, 'Spain', 'Spain', '5.7', '4281', '1816', '1435', '---', '2636', '380', 5, 1, 'LeonCubra1,LeonCubra2,LeonCubra3,LeonCubra4,LeonCubra5,LeonCubra6'),
(167, 30, 'الفاروميو جوليتا', 2021, 650000, 195000, 10996, '1800 CC Turbo', '240', '244', 3, '7', 95, 7, 'Italy', 'Italy', '6', '4351', '1798', '1465', '140', '2364', '350', 5, 1, 'Giulietta1,Giulietta2,Giulietta3,Giulietta4,Giulietta5,Giulietta6'),
(168, 30, 'الفاروميو جوليا', 2021, 920000, 276000, 15563, '2000 CC Turbo', '200', '235', 2, '8', 95, 6, 'Italy', 'Italy', '6.6', '4639', '1873', '1426', '150', '2820', '480', 5, 2, 'Giulia1,Giulia2,Giulia3,Giulia4,Giulia5,Giulia6'),
(169, 30, 'الفاروميو ستلفيو', 2021, 1150000, 345000, 19454, '2000 CC Turbo', '280', '241', 2, '8', 95, 7, 'Italy', '---', '5.5', '4693', '1903', '1684', '200', '2818', '525', 5, 3, 'Stelvio1,Stelvio2,Stelvio3,Stelvio4,Stelvio5,Stelvio6'),
(170, 31, 'سانج يونج', 2021, 380000, 114000, 6428, '1500 CC Turbo', '163', '---', 2, '6', 95, 0, 'Korea', 'Korea', '---', '4225', '1810', '1621', '175', '---', '427', 5, 1, 'Tivoli1,Tivoli2,Tivoli3,Tivoli4,Tivoli5,Tivoli6'),
(171, 31, 'سانج يونج XLV', 2021, 365000, 109500, 6175, '1600 CC', '128', '---', 2, '6', 92, 0, 'Korea', 'Korea', '---', '4480', '1810', '1660', '167', '---', '---', 7, 1, 'TivoliXLV1,TivoliXLV2,TivoliXLV3,TivoliXLV4,TivoliXLV5,TivoliXLV6'),
(172, 32, 'لكزس ES 350', 2020, 2650000, 795000, 44829, '3500 CC', '302', '210', 2, '8', 95, 9, 'Japan', 'Japan', '6.8', '4665', '1810', '1430', '157', '2800', '480', 5, 2, 'ES3501,ES3502,ES3503,ES3504,ES3505,.ES3506'),
(173, 32, 'لكزس RX', 2020, 3050000, 915000, 51596, '3500 CC', '290', '198', 2, '8', 92, 11, 'Japan', 'Japan', '---', '5000', '1895', '1710', '205', '2790', '176', 5, 1, 'Rx1,Rx2,Rx3,Rx4,Rx5,Rx6'),
(174, 32, 'لكزس LS 500', 2020, 6250000, 1875000, 105729, '3500 CC', '359', '276', 2, '6', 95, 8, 'Japan', 'Japan', '5.4', '5235', '1900', '1450', '160', '3125', '430', 5, 2, 'LS5001,LS5002,LS5003,LS5004,LS5005,LS5006'),
(175, 32, 'لكزس LX 570', 2020, 5450000, 1635000, 92196, '5700 CC', '383', '220', 2, '8', 95, 16, 'Japan', 'Japan', '7.7', '5080', '1981', '1910', '225', '2850', '702', 8, 3, 'LX5701,LX5702,LX5703,LX5704,LX5705,LX5706'),
(176, 33, 'لاند روفر ديسكفري سبورت', 2021, 1390000, 417000, 23514, '2000 CC Turbo', '200', '207', 2, '9', 92, 8, 'UK', 'UK', '9', '4597', '2069', '1727', '212', '2741', '1651', 5, 3, 'DiscoverySport1,DiscoverySport2,DiscoverySport3,DiscoverySport4,DiscoverySport5,DiscoverySport6'),
(177, 33, 'لاند روفر رنج روفر ايفوك', 2021, 1450000, 435000, 24529, '2000 CC Turbo', '249', '230', 2, '9', 95, 8, 'UK', 'UK', '7.5', '4371', '1904', '1649', '212', '2681', '591', 5, 3, 'RangeRoverEvoque1,RangeRoverEvoque2,RangeRoverEvoque3,RangeRoverEvoque4,RangeRoverEvoque5,RangeRoverEvoque6'),
(178, 33, 'لاند روفر ديفندر', 2021, 2030000, 609000, 34341, '3000 CC Turbo', '400', '208', 2, '8', 92, 10, 'UK', 'UK', '6.1', '5018', '2008', '1965', '220', '3022', '1075', 5, 3, 'Defender1,Defender2,Defender3,Defender4,Defender5,Defender6'),
(179, 33, 'لاند روفر فيلار', 2021, 1999000, 599700, 33816, '2000 CC Turbo', '250', '217', 2, '8', 92, 8, 'UK', 'UK', '6.7', '4803', '2032', '1665', '213', '2874', '673', 5, 3, 'Velar1,Velar2,Velar3,Velar4,Velar5,Velar6'),
(180, 33, 'لاند روفر ديسكفري', 2021, 2390000, 717000, 40431, '3000 CC Turbo', '340', '215', 2, '8', 95, 11, 'UK', 'UK', '7.1', '4970', '2073', '1846', '220', '2923', '258', 7, 3, 'Discovery1,Discovery2,Discovery3,Discovery4,Discovery5,Discovery6'),
(181, 33, 'لاند روفر رنج روفر سبورت', 2020, 4500000, 1350000, 76125, '3000 CC', '340', '209', 2, '8', 95, 11, 'UK', 'UK', '7.2', '4879', '2073', '1803', '213', '2923', '---', 5, 3, 'RangeRoverSport1,RangeRoverSport2,RangeRoverSport3,RangeRoverSport4,RangeRoverSport5,RangeRoverSport6'),
(182, 33, 'لاند روفر رنج روفر', 2021, 1999000, 599700, 33816, '2000 CC Turbo', '300', '201', 2, '8', 95, 9, 'UK', 'UK', '7.3', '4879', '2073', '1803', '213', '2923', '---', 5, 3, 'RangeRover1,RangeRover2,RangeRover3,RangeRover4.RangeRover5,RangeRover6'),
(183, 33, 'لاند روفر رنج روفر فوج', 2020, 4950000, 1485000, 83738, '5000 CC', '525', '225', 2, '8', 95, 13, 'UK', 'UK', '5.4', '5200', '2073', '1868', '220', '3120', '900', 5, 3, 'RangeRoverVogue1,RangeRoverVogue2,RangeRoverVogue3,RangeRoverVogue4,RangeRoverVogue5,RangeRoverVogue6'),
(184, 34, 'جيلي امجراند 7', 2019, 189000, 56700, 3197, '1500 CC', '107', '165', 1, '5', 92, 6, 'China', 'Egypt', '10.5', '4635', '1789', '1470', '167', '2650', '390', 5, 1, 'Emgrand71,Emgrand72,Emgrand73,Emgrand74,Emgrand75,Emgrand76'),
(185, 34, 'جيلي امبريال', 2019, 276900, 83070, 4684, '1500 CC', '102', '185', 4, '---', 92, 7, 'China', 'China', '12.9', '4631', '1789', '1479', '170', '2650', '480', 5, 1, 'Imperial1,Imperial2,Imperial3,Imperial4,Imperial5,Imperial6'),
(186, 34, 'جيلي امجراند X7', 2020, 309000, 92700, 5227, '1300 CC Turbo', '131', '169', 4, '---', 92, 7, 'China', 'China', '12', '4500', '1834', '1698', '190', '2661', '580', 5, 1, 'EmgrandX71,EmgrandX72,EmgrandX73,EmgrandX74,EmgrandX75,EmgrandX76'),
(187, 35, 'جاك S2', 2019, 220000, 66000, 3722, '1500 CC', '113', '175', 2, '5', 92, 7, 'China', 'China', '12.8', '---', '---', '---', '---', '---', '---', 4, 1, 'JacS21,JacS22,JacS23,JacS24,JacS25,JacS26'),
(188, 35, 'جاك S3', 2021, 259900, 77970, 4397, '1600 CC', '118', '180', 4, '---', 92, 7, 'China', 'China', '---', '4345', '1765', '1640', '200', '2560', '600', 5, 1, 'JacS31,JacS32,JacS33,JacS34,JacS35,JacS36'),
(189, 35, 'جاك S4', 2021, 278000, 83400, 4703, '1500 CC Turbo', '147', '170', 4, '---', 95, 7, 'China', 'China', '9.8', '4410', '1800', '1660', '170', '2620', '520', 5, 1, 'JacS41,JacS42,JacS43,JacS44,JacS45,JacS46'),
(190, 35, 'جاك S7', 2019, 395000, 118500, 6682, '1500 CC', '174', '160', 2, '6', 92, 9, 'China', 'China', '10.8', '---', '---', '---', '---', '---', '---', 5, 1, 'JacS71,JacS72,JacS73,JacS74,JacS75,JacS76'),
(191, 36, 'فاو X40', 2019, 285000, 85500, 4821, '1600 CC', '114', '169', 2, '6', 92, 7, 'China', 'China', '11.2', '4310', '1780', '1680', '180', '1535', '375', 5, 1, 'FawX401,FawX402,FawX403,FawX404,FawX405,FawX406'),
(192, 37, 'ميني كوبر', 2020, 640000, 192000, 10827, '1500 CC', '136', '210', 2, '6', 95, 5, 'Germany', 'UK', '8', '3821', '1727', '1414', '150', '2495', '211', 4, 1, 'Cooper1,Cooper2,Cooper3,Cooper4,Cooper5,Cooper6'),
(193, 37, 'ميني كوبر هاتش', 2020, 595000, 178500, 10064, '1500 CC', '135', '207', 2, '6', 95, 5, 'Germany', 'UK', '8.1', '3982', '1727', '1425', '150', '2567', '278', 4, 1, 'CooperHatch1,CooperHatch2,CooperHatch3,CooperHatch4,CooperHatch5,CooperHatch6'),
(194, 37, 'ميني كانتري مان', 2020, 600000, 180000, 10150, '1500 CC', '136', '202', 2, '6', 95, 6, 'Germany', 'UK', '9.6', '4299', '1821', '1557', '170', '2670', '450', 5, 1, 'CountryMan1,CountryMan2,CountryMan3,CountryMan4,CountryMan5,CountryMan6'),
(195, 37, 'ميني كلوب مان', 2020, 625000, 187500, 10573, '1500 CC', '136', '205', 2, '6', 95, 5, 'Germany', 'UK', '10.1', '4253', '1800', '1441', '150', '2670', '360', 5, 1, 'ClubMan1,ClubMan2,ClubMan3,ClubMan4,ClubMan5,ClubMan6'),
(196, 37, 'ميني كونفرتابل', 2020, 675000, 202500, 11419, '1500 CC', '136', '206', 2, '6', 92, 5, 'Germany', 'UK', '7.3', '3821', '1929', '1414', '135', '2495', '215', 4, 1, 'Convertible1,Convertible2,Convertible3,Convertible4,Convertible5,Convertible6'),
(197, 37, 'ميني ميني كوبر', 2020, 698000, 209400, 11808, '2000 CC', '192', '235', 2, '6', 95, 6, 'Germany', '---', '6.8', '3821', '1727', '1414', '150', '2495', '211', 4, 1, 'MiniCooper1,MiniCooper2,MiniCooper3,MiniCooper4,MiniCooper5,MiniCooper6'),
(198, 37, 'ميني كانتري مان اس', 2020, 760000, 228000, 12857, '2000 CC', '192', '225', 2, '6', 95, 6, 'Germany', 'UK', '7.1', '4299', '1821', '1557', '170', '2670', '450', 5, 1, 'CountryManS1,CountryManS2,CountryManS3,CountryManS4,CountryManS5,CountryManS6'),
(199, 38, 'ام جي 5', 2021, 262900, 78870, 4447, '1500 CC', '120', '180', 4, '---', 92, 6, 'UK', 'China', '12.5', '4601', '1818', '1489', '168', '2680', '512', 5, 1, 'MG51,MG52,MG53,MG54,MG55,MG56'),
(200, 38, 'ام جي ZS', 2021, 292990, 87897, 4956, '1500 CC', '119', '---', 2, '4', 92, 6, 'UK', 'China', '10.9', '4314', '1809', '1624', '---', '2585', '495', 5, 1, 'MGZS1,MGZS2,MGZS3,MGZS4,MGZS5,MGZS6'),
(201, 38, 'ام جي 6', 2021, 322990, 96897, 5464, '1500 CC Turbo', '169', '190', 3, '7', 95, 7, 'UK', 'China', '7', '4694', '1848', '1465', '170', '2715', '424', 5, 1, 'MG61,MG62,MG63,MG64,MG65,MG66'),
(202, 38, 'ام جي Rx5', 2021, 374990, 112497, 6344, '1500 CC Turbo', '169', '190', 2, '7', 95, 7, 'UK', 'China', '9.8', '4545', '1855', '1719', '180', '2700', '525', 5, 1, 'MGRx51,MGRx52,MGRx53,MGRx54,MGRx55,MGRx56'),
(203, 38, 'ام جي HS', 2021, 410000, 123000, 6936, '1500 CC Turbo', '169', '190', 3, '7', 95, 0, 'UK', 'China', '9.6', '4574', '1876', '1685', '---', '2720', '463', 5, 1, 'MGHS1,MGHS2,MGHS3,MGHS4,MGHS5,MGHS6'),
(204, 39, 'بورش ماكان', 2020, 2050000, 615000, 34679, '3000 CC', '380', '261', 2, '8', 95, 10, 'Germany', 'Germany', '5', '4686', '1926', '1609', '185', '2807', '488', 5, 3, 'Macan1,Macan2,Macan3,Macan4,Macan5,Macan6'),
(205, 39, 'بورش كايمان', 2020, 2405000, 721500, 40685, '4000 CC Turbo', '420', '304', 1, '6', 95, 11, 'Germany', 'Germany', '4.4', '4456', '1801', '1269', '140', '2484', '---', 2, 2, 'Cayman1,Cayman2,Cayman3,Cayman4,Cayman5,Cayman6'),
(206, 39, 'بورش بوكستر', 2020, 2135000, 640500, 36117, '4000 CC', '400', '293', 1, '6', 95, 5, 'Germany', 'Germany', '4.5', '4391', '1801', '1262', '---', '2475', '275', 2, 2, 'Boxster1,Boxster2,Boxster3,Boxster4,Boxster5,Boxster6'),
(207, 39, 'بورش كايمان S', 2020, 1715000, 514500, 29012, '2000 CC Turbo', '350', '285', 1, '6', 95, 10, 'Germany', 'Germany', '4.6', '4379', '1801', '1295', '---', '2475', '---', 2, 2, 'CaymanS1,CaymanS2,CaymanS3,CaymanS4,CaymanS5,CaymanS6'),
(208, 39, 'بورش بوكستر S', 2020, 1800000, 540000, 30450, '2500 CC', '350', '285', 2, '7', 95, 5, 'Germany', 'Germany', '4.2', '4379', '1801', '1286', '---', '2475', '275', 2, 2, 'BoxsterS1,BoxsterS2,BoxsterS3,v4,v5,BoxsterS6'),
(209, 39, 'بورش كايين', 2020, 3888000, 1166400, 65772, '4000 CC Turbo', '550', '286', 2, '8', 95, 12, 'Germany', 'Germany', '3.9', '4926', '1983', '1673', '193', '2895', '745', 5, 3, 'Cayenne1,Cayenne2,Cayenne3,Cayenne4,Cayenne5,Cayenne6'),
(210, 39, 'بورش 911', 2021, 5470000, 1641000, 92534, '3800 CC Turbo', '650', '330', 2, '8', 95, 11, 'Germany', 'Germany', '2.8', '4535', '1900', '1301', '---', '2450', '---', 2, 3, '9111,9112,9113,9114,9115,9116'),
(211, 39, 'بورش باناميرا', 2020, 5325000, 1597500, 90081, '4000 CC Turbo', '630', '315', 2, '8', 95, 9, 'Germany', 'Germany', '3.1', '5049', '1937', '1427', '---', '2950', '550', 5, 3, 'Panamera1,Panamera2,Panamera3,Panamera4,Panamera5,Panamera6'),
(212, 40, 'تشانجان CS 35', 2021, 240000, 72000, 4060, '1600 CC', '123', '185', 2, '4', 92, 7, 'China', 'China', '14', '4160', '---', '1670', '167', '2560', '345', 5, 1, 'ChanganCS351,ChanganCS352,ChanganCS353,ChanganCS354,ChanganCS355,ChanganCS356'),
(213, 41, 'زوتي Z100', 2020, 120000, 36000, 2030, '1000 CC', '75', '---', 1, '5', 92, 5, 'China', 'China', '---', '3559', '1620', '1476', '---', '2360', '---', 4, 1, 'Z1001,Z1002,Z1003,Z1004,Z1005,Z1006'),
(214, 41, 'زوتي Z300', 2020, 167990, 50397, 2842, '1500 CC', '113', '---', 1, '4', 92, 0, 'China', 'China', '---', '4600', '1766', '1486', '---', '---', '---', 4, 1, 'Z3001,Z3002,Z3003,Z3004,Z3005,Z3006'),
(215, 41, 'زوتي Z560', 2020, 264990, 79497, 4483, '1500 CC Turbo', '150', '---', 4, '---', 92, 0, 'China', 'China', '---', '4750', '1810', '1490', '159', '2750', '---', 5, 1, 'Z5601,Z5602,Z5603,Z5604,Z5605,Z5606'),
(216, 41, 'زوتي SR7', 2020, 299990, 89997, 5075, '1500 CC Turbo', '156', '---', 4, '---', 92, 0, 'China', 'China', '---', '4510', '1835', '1610', '---', '2680', '---', 5, 1, 'SR71,SR72,SR73,SR74,SR75,SR76'),
(217, 41, 'زوتي T600', 2020, 338000, 101400, 5718, '1500 CC Turbo', '156', '---', 2, '6', 92, 0, 'China', 'China', '---', '4654', '1893', '1696', '---', '2807', '---', 5, 1, 'T6001,T6002,T6003,T6004,T6005,T6006'),
(218, 41, 'زوتي T500', 2020, 399990, 119997, 6766, '1500 CC Turbo', '156', '---', 2, '6', 92, 0, 'China', 'China', '---', '4632', '1850', '1695', '180', '2700', '390', 5, 1, 'T5001,T5002,T5003,T5004,T5005,T5006'),
(219, 42, 'ساوايست DX3', 2021, 343000, 102900, 5802, '1500 CC Turbo', '156', '---', 4, '8', 95, 0, 'China', 'China', '---', '4354', '1840', '1670', '200', '2610', '500', 5, 1, 'DX31,DX32,DX33,DX34,DX35,DX36'),
(220, 42, 'ساوايست DX7', 2021, 410000, 123000, 6936, '1500 CC Turbo', '156', '---', 2, '6', 95, 0, 'China', 'China', '---', '4537', '1900', '1700', '200', '2700', '456', 5, 1, 'DX71,DX72,DX73,DX74,DX75,DX76'),
(221, 43, 'مازيراتي جيبلي', 2019, 2600000, 780000, 43983, '3000 CC', '350', '267', 2, '8', 95, 9, 'Italy', 'Italy', '5.5', '---', '---', '---', '---', '---', '---', 4, 1, 'Ghilbi1,Ghilbi2,Ghilbi3,Ghilbi4,Ghilbi5,Ghilbi6'),
(222, 43, 'مازيراتي ليفانتي', 2019, 2950000, 885000, 49904, '3000 CC', '345', '251', 2, '8', 95, 11, 'Italy', 'Italy', '6', '---', '---', '---', '---', '---', '---', 5, 3, 'Levante1,Levante2,Levante3,Levante4,Levante5,Levante6'),
(223, 43, 'مازيراتي كواتروبورتي', 2019, 3750000, 1125000, 63438, '3000 CC', '410', '286', 2, '8', 95, 10, 'Italy', 'Italy', '5.1', '5262', '1948', '3171', '140', '1634', '530', 4, 3, 'Quattroporte1,Quattroporte2,Quattroporte3,Quattroporte4,Quattroporte5,Quattroporte6'),
(224, 44, 'شيري اريزو 5', 2021, 208900, 62670, 3534, '1500 CC', '114', '180', 4, '7', 92, 7, 'China', 'Egypt', '11.5', '4572', '1825', '1482', '129', '2670', '430', 5, 1, 'Arrizo51,Arrizo52,Arrizo53,Arrizo54,Arrizo55,Arrizo56'),
(225, 44, 'شيري انفي', 2019, 175000, 52500, 2960, '1500 CC', '109', '175', 1, '5', 92, 6, 'China', 'Egypt', '10.5', '---', '---', '---', '---', '---', '---', 4, 1, 'Envy1,Envy2,Envy3,Envy4,Envy5,Envy6'),
(226, 44, 'شيري تيجو 3', 2021, 242900, 72870, 4109, '1600 CC', '93', '180', 4, '---', 92, 6, 'China', 'Egypt', '---', '4419', '1765', '1651', '190', '2510', '550', 5, 1, 'Tiggo31,Tiggo32,Tiggo33,Tiggo34,Tiggo35,Tiggo36'),
(227, 44, 'شيري تيجو 7', 2021, 306000, 91800, 5177, '1500 CC Turbo', '145', '180', 3, '6', 92, 7, 'China', 'Egypt', '---', '4505', '1837', '1670', '210', '2670', '414', 5, 1, 'Tiggo71,Tiggo72,Tiggo73,Tiggo74,Tiggo75,Tiggo76'),
(228, 44, 'شيري تيجو 4', 2019, 335000, 100500, 5667, '1500 CC', '145', '190', 2, '6', 92, 7, 'China', 'China', '---', '---', '---', '---', '---', '---', '---', 5, 1, 'Tiggo41,Tiggo42,Tiggo43,Tiggo44,Tiggo45,Tiggo46'),
(229, 44, 'شيري تيجو 8', 2021, 395000, 118500, 6682, '1500 CC Turbo', '145', '---', 3, '6', 92, 0, 'China', 'China', '---', '4700', '1860', '1746', '200', '2710', '193', 7, 1, 'Tiggo81,Tiggo82,Tiggo83,Tiggo84,Tiggo85,Tiggo86'),
(230, 45, 'سينوفا X35', 2019, 210000, 63000, 3553, '1500 CC', '116', '---', 2, '4', 92, 7, 'China', 'China', '11.9', '---', '---', '---', '---', '---', '---', 4, 1, 'SenovaX351,SenovaX352,SenovaX353,SenovaX354,SenovaX355,SenovaX356'),
(231, 46, 'دفسك جلوري 330', 2021, 207900, 62370, 3517, '1500 CC', '115', '---', 1, '5', 92, 0, 'China', 'China', '---', '4365', '1720', '1705', '170', '2725', '---', 8, 1, 'Glory3301,Glory3302,Glory3303,Glory3304,Glory3305,Glory3306');
INSERT INTO `newcars` (`id`, `brand`, `name`, `year`, `price`, `minDeposit`, `minInstallment`, `motor`, `horsePower`, `maxSpeed`, `transmission`, `speed`, `fuel`, `fuelCon`, `origin`, `assembled`, `acceleration`, `length`, `width`, `height`, `groundClearnce`, `wheelBase`, `trunkSize`, `seats`, `tractionType`, `image`) VALUES
(232, 46, 'دفسك ايجل 580', 2021, 355000, 106500, 6005, '1500 CC Turbo', '165', '180', 4, '---', 95, 7, 'China', 'China', '11.8', '4680', '1845', '1715', '170', '2780', '---', 7, 1, 'Eagle5801,Eagle5802,Eagle5803,Eagle5804,Eagle5805,Eagle5806'),
(233, 47, 'شانجي M50', 2021, 189000, 56700, 3197, '1500 CC', '116', '150', 1, '5', 92, 6, 'China', 'China', '---', '4525', '1700', '---', '---', '---', '---', 8, 2, 'CangheM501,CangheM502,CangheM503,CangheM504,CangheM505,CangheM506'),
(234, 48, 'دى اس DS3', 2021, 550000, 165000, 9304, '1200 CC Turbo', '131', '200', 2, '8', 95, 6, 'France', 'France', '9.2', '4188', '1802', '1534', '170', '2558', '350', 5, 1, 'DS31,DS32,DS33,DS34,DS35,DS36'),
(235, 48, 'دى اس DS7', 2021, 850000, 255000, 14379, '1600 CC Turbo', '165', '220', 2, '6', 95, 6, 'France', 'France', '8.9', '4570', '1895', '1625', '191', '2738', '555', 5, 1, 'DS71,DS72,DS73,DS74,DS75,DS76'),
(236, 49, 'هانتنج X7S', 2021, 350000, 105000, 5921, '1500 CC Turbo', '156', '---', 4, '6', 92, 0, 'China', 'China', '---', '1612', '1902', '1612', '---', '2810', '414', 5, 1, 'X7S1,X7S2,X7S3,X7S4,X7S5,X7S6'),
(237, 50, 'جيتور X70', 2021, 337800, 101340, 5714, '1500 CC Turbo', '147', '180', 2, '8', 92, 0, 'China', 'China', '10', '4720', '1900', '1695', '210', '2745', '1260', 7, 1, 'JetourX701,JetourX702,JetourX703,JetourX704,JetourX705,JetourX706');

-- --------------------------------------------------------

--
-- Table structure for table `rentcars`
--

CREATE TABLE `rentcars` (
  `id` int(11) NOT NULL,
  `title` varchar(255) NOT NULL,
  `price` int(11) NOT NULL,
  `image` varchar(255) NOT NULL
) ENGINE=InnoDB DEFAULT CHARSET=utf8;

--
-- Dumping data for table `rentcars`
--

INSERT INTO `rentcars` (`id`, `title`, `price`, `image`) VALUES
(1, 'هيونداي النترا', 400, 'alantra_rent,alantra_rent2,alantra_rent3,alantra_rent4'),
(2, 'شيفروليه افيو', 275, 'aveo_rent,aveo_rent2,aveo_rent3,aveo_rent4'),
(3, 'ميتسوبيشي لانسر', 325, 'lancer_rent,lancer_rent2,lancer_rent3,lancer_rent,lancer_rent5'),
(4, 'فولكس فاجن باسات', 430, 'passat_rent,passat_rent2,passat_rent3,passat_rent4,passat_rent5'),
(5, 'كيا سيراتو', 400, 'cerato_rent,cerato_rent2,cerato_rent3'),
(6, 'مرسيديس E250', 550, 'E250_rent,E250_rent2,E250_rent3,E250_rent4,E250_rent5'),
(7, 'مرسيديس C200', 640, 'C200_rent,C200_rent2,C200_rent3,C200_rent4,C200_rent5,C200_rent6');

-- --------------------------------------------------------

--
-- Table structure for table `traction`
--

CREATE TABLE `traction` (
  `id` int(11) NOT NULL,
  `type` varchar(100) NOT NULL
) ENGINE=InnoDB DEFAULT CHARSET=utf8;

--
-- Dumping data for table `traction`
--

INSERT INTO `traction` (`id`, `type`) VALUES
(1, 'Front Traction'),
(2, 'Back Traction'),
(3, 'Four-wheel Drive');

-- --------------------------------------------------------

--
-- Table structure for table `transmission`
--

CREATE TABLE `transmission` (
  `id` int(11) NOT NULL,
  `type` varchar(100) NOT NULL
) ENGINE=InnoDB DEFAULT CHARSET=utf8;

--
-- Dumping data for table `transmission`
--

INSERT INTO `transmission` (`id`, `type`) VALUES
(1, 'Manual'),
(2, 'Automatic'),
(3, 'DSG'),
(4, 'CVT');

-- --------------------------------------------------------

--
-- Table structure for table `usedcars`
--

CREATE TABLE `usedcars` (
  `id` int(11) NOT NULL,
  `title` varchar(255) NOT NULL,
  `brand` int(11) NOT NULL,
  `model` varchar(100) NOT NULL,
  `year` int(11) NOT NULL,
  `class` varchar(100) NOT NULL,
  `motor` varchar(100) NOT NULL,
  `city` varchar(100) NOT NULL,
  `km` int(11) NOT NULL,
  `transmission` int(11) NOT NULL,
  `fuel` int(11) NOT NULL,
  `price` int(11) NOT NULL,
  `notes` varchar(255) NOT NULL,
  `phone` varchar(100) NOT NULL,
  `image` varchar(255) NOT NULL
) ENGINE=InnoDB DEFAULT CHARSET=utf8;

--
-- Dumping data for table `usedcars`
--

INSERT INTO `usedcars` (`id`, `title`, `brand`, `model`, `year`, `class`, `motor`, `city`, `km`, `transmission`, `fuel`, `price`, `notes`, `phone`, `image`) VALUES
(4, 'كيا ريو ', 3, 'ريو', 2014, 'جميع الكماليات', '1600 CC', 'بلبيس', 160000, 2, 1, 150000, 'موتور جديد راكب من شهر \r\nعداد قبل الماتور 160الف \r\nتكييف جديد بالكامل تلاجه\r\nوحده تبريد مروحه وريداتير وسربنتينه جداد\r\nبطاريه جديده من شهر بالظبط \r\nدواخل بالكامل سليمه\r\nراشه خارجي نضافه \r\n', '012345688', 'rio,rio2,rio3,rio4,rio5,rio6'),
(6, 'نيسان صنى N16', 13, 'صنى', 2014, 'جميع الكماليات', '1600 CC', 'ميت غمر', 153000, 2, 1, 137000, 'راشة برا بالكامل و لا تحتاج الى مصاريف', '01066376635', 'sunny,sunny2,sunny3,sunny4,sunny5,sunny6,sunny7,sunny8,sunny9,sunny10'),
(7, 'لانسر شارك', 11, 'لانسر', 2016, 'الفئة الأولى', '1600 CC', 'البساتين', 90000, 2, 1, 210000, 'راشه اكصدام امامي', '01585695255', 'lancer,lancer2,lancer3,lancer4,lancer5'),
(8, 'تويوتا كورولا خليجي', 22, 'كورولا', 2009, 'جميع الكماليات', '1600 CC', 'القاهرة', 150000, 2, 1, 155000, 'فابريكة بالكامل من الداخل والخارج ما عدا رشة اكصدام امامي وخلفي\r\nرخصة حتى شهر 2-2023\r\nتم عمل صيانة 140,000 كيلو وتم تغيير الآتي:\r\nزيت وفلتر الفتيس\r\nطقم بوجيهات\r\nتيل فرامل امامي وخلفي\r\nقاعدة موتور امامي وشمال', '01005580354', 'corolla,corolla2,corolla3,corolla4,corolla5,corolla6,corolla7'),
(9, 'C180 كلاسيك', 24, 'C180', 2009, 'جميع الكماليات', '1600 CC', 'مصر الجديدة', 78000, 2, 1, 375000, 'فابريكا بالكامل \r\nصيانات توكيل \r\nمالك اول', '01275344713', 'c180,c1802,c1803,c1804,c1805,c1806,c1807'),
(10, 'النترا كوبيه توب لاين', 10, 'النترا كوبيه', 2013, 'جميع الكماليات', '1600 CC', 'دمياط', 150000, 2, 1, 190000, 'رشة حرام نظافه \r\nنظافه فابريكا دواخل بالكامل \r\nكاوتش جديده\r\nبطاريه جديده\r\nصيانه كامله في التوكيل \r\n', '01258948956', 'elantracoupe,elantracoupe2,elantracoupe3,elantracoupe4,elantracoupe5,elantracoupe6'),
(11, 'مازدا 3 بيزلاين', 12, 'مازدا 3', 2015, 'الفئة الأولى', '1600 CC', 'الرحاب', 150000, 2, 1, 210000, 'فيميه مثبوت على الرخصة', '011150595986', 'mazda3,mazda32,mazda34,mazda35,mazda36,mazda37'),
(12, 'هيونداي توسان كسر زيرو', 10, 'توسان', 2021, 'الفئة الرابعة', '1600 CC', 'السادس من اكتوبر', 8000, 2, 1, 440000, '', '01150716132', 'tuson,tuson2'),
(13, 'تويوتا ياريس بجالة ممتازة', 22, 'ياريس', 2008, 'الفئة الأولى', '1600 CC', 'ميت غمر', 292000, 1, 1, 120000, 'العربيه اغلب استخدامها في السفر \r\nالعربيه رشه حزام نظافه حديثا\r\nفرش جلد جديد \r\nالعربيه معمولها كل الصيانات ومش محتاجه مصروف \r\n', '01020499920', 'yaris,yaris2,yaris3,yaris4,yaris5,yaris6,yaris7,yaris8'),
(14, 'نيو اوبترا كسر زيرو', 1, 'اوبترا', 2021, 'جميع الكماليات', '1600 CC', 'رأس البر', 10000, 2, 1, 205000, '', '01005457958', 'optra,optra2,optra3,optra4,optra5,optra6');

-- --------------------------------------------------------

--
-- Table structure for table `user`
--

CREATE TABLE `user` (
  `id` int(11) NOT NULL,
  `img` varchar(255) CHARACTER SET utf8mb4 NOT NULL,
  `firstName` varchar(255) CHARACTER SET utf8mb4 NOT NULL,
  `lastName` varchar(255) NOT NULL,
  `password` varchar(255) CHARACTER SET utf8mb4 NOT NULL,
  `email` varchar(255) CHARACTER SET utf8mb4 NOT NULL,
  `phone` int(11) NOT NULL,
  `address` varchar(255) CHARACTER SET utf8mb4 NOT NULL,
  `gender` varchar(255) CHARACTER SET utf8mb4 NOT NULL
) ENGINE=InnoDB DEFAULT CHARSET=utf8;

--
-- Dumping data for table `user`
--

INSERT INTO `user` (`id`, `img`, `firstName`, `lastName`, `password`, `email`, `phone`, `address`, `gender`) VALUES
(19, '9d62ac10e28286cbe162fbb9e0b445c1.jpg', 'elsayed', 'mohamed', '6048ff4e8cb07aa60b6777b6f7384d52', 'elsayed2442@gmail.com', 1007622389, 'elmansoura', '0'),
(20, '398883ceebc4e8532d925badeff1a466.jpg', 'ahmed', 'mofreh', '202cb962ac59075b964b07152d234b70', 'ahmed@gmail.com', 1012457896, 'elmansoura', '0'),
(21, '54ab5fb1e27624a24eea5320eed2f234.jpg', 'ahmed', 'khaled', '78f7a8d2193741fa2bfb74ea06e162b4', 'a.khaled15234@gmail.com', 1060195907, 'Aga', '0');

-- --------------------------------------------------------

--
-- Table structure for table `vs`
--

CREATE TABLE `vs` (
  `id` int(11) NOT NULL,
  `car1` int(11) NOT NULL,
  `car2` int(11) NOT NULL
) ENGINE=InnoDB DEFAULT CHARSET=utf8;

--
-- Dumping data for table `vs`
--

INSERT INTO `vs` (`id`, `car1`, `car2`) VALUES
(1, 5, 9);

--
-- Indexes for dumped tables
--

--
-- Indexes for table `brands`
--
ALTER TABLE `brands`
  ADD PRIMARY KEY (`id`);

--
-- Indexes for table `customerdetails`
--
ALTER TABLE `customerdetails`
  ADD PRIMARY KEY (`id`);

--
-- Indexes for table `fueltype`
--
ALTER TABLE `fueltype`
  ADD PRIMARY KEY (`id`);

--
-- Indexes for table `newcars`
--
ALTER TABLE `newcars`
  ADD PRIMARY KEY (`id`),
  ADD KEY `brand` (`brand`),
  ADD KEY `tractionType` (`tractionType`),
  ADD KEY `transmission` (`transmission`);

--
-- Indexes for table `rentcars`
--
ALTER TABLE `rentcars`
  ADD PRIMARY KEY (`id`);

--
-- Indexes for table `traction`
--
ALTER TABLE `traction`
  ADD PRIMARY KEY (`id`);

--
-- Indexes for table `transmission`
--
ALTER TABLE `transmission`
  ADD PRIMARY KEY (`id`);

--
-- Indexes for table `usedcars`
--
ALTER TABLE `usedcars`
  ADD PRIMARY KEY (`id`),
  ADD KEY `brand` (`brand`),
  ADD KEY `transmission` (`transmission`),
  ADD KEY `fuel` (`fuel`);

--
-- Indexes for table `user`
--
ALTER TABLE `user`
  ADD PRIMARY KEY (`id`);

--
-- Indexes for table `vs`
--
ALTER TABLE `vs`
  ADD PRIMARY KEY (`id`);

--
-- AUTO_INCREMENT for dumped tables
--

--
-- AUTO_INCREMENT for table `brands`
--
ALTER TABLE `brands`
  MODIFY `id` int(11) NOT NULL AUTO_INCREMENT, AUTO_INCREMENT=51;

--
-- AUTO_INCREMENT for table `customerdetails`
--
ALTER TABLE `customerdetails`
  MODIFY `id` int(11) NOT NULL AUTO_INCREMENT;

--
-- AUTO_INCREMENT for table `fueltype`
--
ALTER TABLE `fueltype`
  MODIFY `id` int(11) NOT NULL AUTO_INCREMENT, AUTO_INCREMENT=6;

--
-- AUTO_INCREMENT for table `newcars`
--
ALTER TABLE `newcars`
  MODIFY `id` int(11) NOT NULL AUTO_INCREMENT, AUTO_INCREMENT=238;

--
-- AUTO_INCREMENT for table `rentcars`
--
ALTER TABLE `rentcars`
  MODIFY `id` int(11) NOT NULL AUTO_INCREMENT, AUTO_INCREMENT=8;

--
-- AUTO_INCREMENT for table `traction`
--
ALTER TABLE `traction`
  MODIFY `id` int(11) NOT NULL AUTO_INCREMENT, AUTO_INCREMENT=4;

--
-- AUTO_INCREMENT for table `transmission`
--
ALTER TABLE `transmission`
  MODIFY `id` int(11) NOT NULL AUTO_INCREMENT, AUTO_INCREMENT=5;

--
-- AUTO_INCREMENT for table `usedcars`
--
ALTER TABLE `usedcars`
  MODIFY `id` int(11) NOT NULL AUTO_INCREMENT, AUTO_INCREMENT=15;

--
-- AUTO_INCREMENT for table `user`
--
ALTER TABLE `user`
  MODIFY `id` int(11) NOT NULL AUTO_INCREMENT, AUTO_INCREMENT=22;

--
-- AUTO_INCREMENT for table `vs`
--
ALTER TABLE `vs`
  MODIFY `id` int(11) NOT NULL AUTO_INCREMENT, AUTO_INCREMENT=2;

--
-- Constraints for dumped tables
--

--
-- Constraints for table `newcars`
--
ALTER TABLE `newcars`
  ADD CONSTRAINT `newcars_ibfk_1` FOREIGN KEY (`brand`) REFERENCES `brands` (`id`),
  ADD CONSTRAINT `newcars_ibfk_2` FOREIGN KEY (`tractionType`) REFERENCES `traction` (`id`),
  ADD CONSTRAINT `newcars_ibfk_3` FOREIGN KEY (`transmission`) REFERENCES `transmission` (`id`);

--
-- Constraints for table `usedcars`
--
ALTER TABLE `usedcars`
  ADD CONSTRAINT `usedcars_ibfk_1` FOREIGN KEY (`brand`) REFERENCES `brands` (`id`),
  ADD CONSTRAINT `usedcars_ibfk_2` FOREIGN KEY (`transmission`) REFERENCES `transmission` (`id`),
  ADD CONSTRAINT `usedcars_ibfk_3` FOREIGN KEY (`fuel`) REFERENCES `fueltype` (`id`);
COMMIT;

/*!40101 SET CHARACTER_SET_CLIENT=@OLD_CHARACTER_SET_CLIENT */;
/*!40101 SET CHARACTER_SET_RESULTS=@OLD_CHARACTER_SET_RESULTS */;
/*!40101 SET COLLATION_CONNECTION=@OLD_COLLATION_CONNECTION */;
